[
    {
        "name": "Van",
        "height": 1.5,
        "length": 3.5,
        "width": 1.8,
        "mass": 2400
    },
    {
        "name": "Pine tree",
        "height": 50,
        "length": 10,
        "width": 10,
        "mass": 3000
    },
    {
        "name": "Snake",
        "height": 0.1,
        "length": 3,
        "width": 0.1,
        "mass": 20
    },
    {
        "name": "Giraffe",
        "height": 5,
        "length": 2,
        "width": 1,
        "mass": 4000
    },
    {
        "name": "Sheet of paper",
        "height": 0.0001,
        "length": 0.3,
        "width": 0.2,
        "mass": 0.005
    },
    {
        "name": "Television",
        "height": 0.6,
        "length": 1,
        "width": 0.1,
        "mass": 10
    }
]
